ID, Name, Salary, Department
1, , 1500.000000, 0
2, , 3854.000000, 1
3, , 6208.000000, 2
4, , 8562.000000, 3
5, , 10916.000000, 4
6, s, 13270.000000, 5
7, p, 15624.000000, 6
8, \, 17978.000000, 7
9, , 20332.000000, 8
10, , 22686.000000, 9
11, , 25040.000000, 10
12, , 27394.000000, 11
13, , 29748.000000, 12
14, , 32102.000000, 13
15, , 34456.000000, 14
16, , 36810.000000, 15
17, , 39164.000000, 16
18, , 41518.000000, 17
19, , 43872.000000, 18
20, , 46226.000000, 19
